blast_sseq_id;blast_qseq_id;blast_pident;blast_qseq_jg1;blast_sseq_jg1;qcov;scov
jgi|Aspni7|1123159|estExt_Genewise1Plus.C_chr_501_t10030;jgi|Aspbru1|508472|MIX21612_61_56;30.63;Aspbru1;Aspni7;33.4403;46.0112
jgi|Aspni7|1123159|estExt_Genewise1Plus.C_chr_501_t10030;jgi|Aspeuc1|412891|estExt_fgenesh1_pm.C_520029;27.48;Aspeuc1;Aspni7;42.5973;55.7303
jgi|Aspind1|371020|estExt_Genewise1.C_420010;jgi|Aspni7|1123159|estExt_Genewise1Plus.C_chr_501_t10030;26.51;Aspni7;Aspind1;67.2472;48.8296
jgi|Aspni_DSM_1|166267|An14g04850m.01;jgi|Aspni7|1123159|estExt_Genewise1Plus.C_chr_501_t10030;32.45;Aspni7;Aspni_DSM_1;45.1685;43.6364
jgi|Aspoch1|492959|fgenesh1_pg.4_#_144;jgi|Aspni7|1123159|estExt_Genewise1Plus.C_chr_501_t10030;29.88;Aspni7;Aspoch1;54.6067;25.3137
jgi|Aspuva1|337487|estExt_Genewise1Plus.C_340069;jgi|Aspni7|1123159|estExt_Genewise1Plus.C_chr_501_t10030;30.95;Aspni7;Aspuva1;46.1798;33.5339
jgi|Aspvad1|486326|estExt_Genemark1.C_5_t20024;jgi|Aspni7|1123159|estExt_Genewise1Plus.C_chr_501_t10030;29.32;Aspni7;Aspvad1;53.9326;41.8734
NRRL3_00998;jgi|Aspni7|1123159|estExt_Genewise1Plus.C_chr_501_t10030;32.45;Aspni7;NRRL3;45.1685;43.9892
jgi|Aspni7|1123159|estExt_Genewise1Plus.C_chr_501_t10030;jgi|Aspbru1|432243|fgenesh1_pg.37_#_32;30.40;Aspbru1;Aspni7;37.7918;54.6629
jgi|Aspni_DSM_1|165976|An14g01910m.01;jgi|Aspni7|1123159|estExt_Genewise1Plus.C_chr_501_t10030;29.38;Aspni7;Aspni_DSM_1;54.3258;27.9337
jgi|Asppip1|395477|estExt_Genewise1.C_7_t10311;jgi|Aspni7|1123159|estExt_Genewise1Plus.C_chr_501_t10030;30.18;Aspni7;Asppip1;53.0899;37.6365
jgi|Aspni7|1123159|estExt_Genewise1Plus.C_chr_501_t10030;jgi|Aspnid1|5674|AN1036;30.12;Aspnid1;Aspni7;36.0364;48.8764
jgi|Aspni7|1123159|estExt_Genewise1Plus.C_chr_501_t10030;jgi|Aspell1|480073|estExt_Genemark1.C_120046;30.72;Aspell1;Aspni7;34.1305;46.2360
jgi|Aspni7|1123159|estExt_Genewise1Plus.C_chr_501_t10030;jgi|Aspka1_1|16242|AKAW_04769;31.14;Aspka1_1;Aspni7;30.6799;41.7416
jgi|Aspni7|1123159|estExt_Genewise1Plus.C_chr_501_t10030;jgi|Aspneo1|432221|MIX344_66_56;31.07;Aspneo1;Aspni7;30.7820;41.7416
jgi|Asplac1|481471|MIX10488_48_29;jgi|Aspni7|1123159|estExt_Genewise1Plus.C_chr_501_t10030;29.44;Aspni7;Asplac1;54.3258;27.9561
jgi|Aspnid1|8329|AN2547;jgi|Aspni7|1123159|estExt_Genewise1Plus.C_chr_501_t10030;32.50;Aspni7;Aspnid1;49.2697;37.0600
jgi|Aspni7|1123159|estExt_Genewise1Plus.C_chr_501_t10030;jgi|Aspca3|173482|estExt_Genewise1Plus.C_120511;29.79;Aspca3;Aspni7;39.6538;54.2135
jgi|Aspni7|1123159|estExt_Genewise1Plus.C_chr_501_t10030;jgi|Aspind1|404648|estExt_Genewise1Plus.C_1040112;30.71;Aspind1;Aspni7;33.5605;46.1798
jgi|Aspni7|1123159|estExt_Genewise1Plus.C_chr_501_t10030;jgi|Aspnov1|515935|estExt_fgenesh1_pm.C_100064;29.25;Aspnov1;Aspni7;41.1168;53.5955
jgi|Aspni7|1123159|estExt_Genewise1Plus.C_chr_501_t10030;jgi|Aspscle1|446059|MIX11480_8_11;29.37;Aspscle1;Aspni7;35.5987;50.4494
jgi|Aspni7|1123159|estExt_Genewise1Plus.C_chr_501_t10030;jgi|Aspste1|467349|estExt_fgenesh1_pg.C_7_t20262;28.42;Aspste1;Aspni7;41.1591;54.0449
jgi|Aspni7|1123159|estExt_Genewise1Plus.C_chr_501_t10030;jgi|Aspeuc1|114282|CE114281_782;29.68;Aspeuc1;Aspni7;39.6287;53.5955
jgi|Aspvad1|334798|e_gw1.5.822.1;jgi|Aspni7|1123159|estExt_Genewise1Plus.C_chr_501_t10030;31.89;Aspni7;Aspvad1;51.1798;37.5664
NRRL3_00430;jgi|Aspni7|1123159|estExt_Genewise1Plus.C_chr_501_t10030;28.45;Aspni7;NRRL3;56.0674;40.0163
jgi|Aspni7|1123159|estExt_Genewise1Plus.C_chr_501_t10030;Asptu1_0124094;29.78;Asptu1;Aspni7;39.6044;53.5955
jgi|Aspni7|1123159|estExt_Genewise1Plus.C_chr_501_t10030;jgi|Aspcl1|6741|7000001156877535;30.32;Aspcl1;Aspni7;38.4375;53.5955
jgi|Aspni7|1123159|estExt_Genewise1Plus.C_chr_501_t10030;jgi|Aspneo1|417997|estExt_fgenesh1_pg.C_270167;31.83;Aspneo1;Aspni7;30.1132;45.1685
jgi|Aspni7|1123159|estExt_Genewise1Plus.C_chr_501_t10030;jgi|Aspneo1|435336|MIX3459_212_59;29.32;Aspneo1;Aspni7;28.2198;53.7079
jgi|Aspwe1|106140|e_gw1.2.1290.1;jgi|Aspni7|1123159|estExt_Genewise1Plus.C_chr_501_t10030;26.39;Aspni7;Aspwe1;68.1461;50.9574
NRRL3_05588;jgi|Aspni7|1123159|estExt_Genewise1Plus.C_chr_501_t10030;33.41;Aspni7;NRRL3;45.3371;21.5164
jgi|Aspni7|1123159|estExt_Genewise1Plus.C_chr_501_t10030;Aspzo1_0074088;32.23;Aspzo1;Aspni7;38.9401;45.9551
jgi|Aspwe1|164008|estExt_Genewise1Plus.C_9_t10100;jgi|Aspni7|1123159|estExt_Genewise1Plus.C_chr_501_t10030;26.79;Aspni7;Aspwe1;67.6966;46.6346
jgi|Aspni7|1123159|estExt_Genewise1Plus.C_chr_501_t10030;jgi|Aspvad1|490910|estExt_Genemark1.C_260140;29.58;Aspvad1;Aspni7;39.6287;53.5955
jgi|Aspste1|453200|estExt_fgenesh1_pm.C_2_t10074;jgi|Aspni7|1123159|estExt_Genewise1Plus.C_chr_501_t10030;28.16;Aspni7;Aspste1;53.5393;38.2595
jgi|Aspni7|1123159|estExt_Genewise1Plus.C_chr_501_t10030;jgi|Asppip1|519995|estExt_Genemark1.C_8_t10372;31.99;Asppip1;Aspni7;33.9387;46.0112
jgi|Aspni7|1123159|estExt_Genewise1Plus.C_chr_501_t10030;jgi|Neofi1|3702|7000001156978898;28.21;Neofi1;Aspni7;43.5578;58.0899
jgi|Aspni7|1123159|estExt_Genewise1Plus.C_chr_501_t10030;jgi|Aspfo1|41758|fgenesh1_kg.2_#_1290_#_Locus6158v1rpkm16.87;30.34;Aspfo1;Aspni7;39.6287;53.5955
jgi|Aspni7|1123159|estExt_Genewise1Plus.C_chr_501_t10030;jgi|Aspfu_A1163_1|103631|CADAFUBT00004555m.01;28.20;Aspfu_A1163_1;Aspni7;39.8133;55.7865
jgi|Aspscle1|380544|estExt_Genewise1Plus.C_1260048;jgi|Aspni7|1123159|estExt_Genewise1Plus.C_chr_501_t10030;30.35;Aspni7;Aspscle1;49.2697;23.0091
jgi|Aspvio1|459552|MIX11422_6_12;jgi|Aspni7|1123159|estExt_Genewise1Plus.C_chr_501_t10030;28.93;Aspni7;Aspvio1;62.7528;46.6953
jgi|Aspwe1|175532|gm1.9467_g;jgi|Aspni7|1123159|estExt_Genewise1Plus.C_chr_501_t10030;29.07;Aspni7;Aspwe1;58.2022;26.7992
jgi|Aspni7|1123159|estExt_Genewise1Plus.C_chr_501_t10030;ATET_07282;29.58;Aspte1;Aspni7;41.9108;53.5955
jgi|Aspfo1|157730|estExt_Genewise1.C_3_t60386;jgi|Aspni7|1123159|estExt_Genewise1Plus.C_chr_501_t10030;28.41;Aspni7;Aspfo1;66.7416;47.8261
jgi|Aspni_DSM_1|156570|An02g00450m.01;jgi|Aspni7|1123159|estExt_Genewise1Plus.C_chr_501_t10030;28.29;Aspni7;Aspni_DSM_1;54.2135;39.5675
jgi|Aspvad1|473271|MIX14057_48_49;jgi|Aspni7|1123159|estExt_Genewise1Plus.C_chr_501_t10030;30.50;Aspni7;Aspvad1;54.2697;40.5826
NRRL3_09686;jgi|Aspni7|1123159|estExt_Genewise1Plus.C_chr_501_t10030;28.04;Aspni7;NRRL3;67.6966;48.7520
jgi|Aspni7|1123159|estExt_Genewise1Plus.C_chr_501_t10030;Asptu1_0074530;31.81;Asptu1;Aspni7;30.4782;41.7416
jgi|Aspni7|1123159|estExt_Genewise1Plus.C_chr_501_t10030;jgi|Aspeuc1|454486|MIX12015_24_13;30.75;Aspeuc1;Aspni7;24.9553;53.0899
jgi|Aspni7|1123159|estExt_Genewise1Plus.C_chr_501_t10030;jgi|Aspneo1|435413|MIX3536_71_50;30.82;Aspneo1;Aspni7;40.7214;54.2697
jgi|Aspoch1|434829|e_gw1.3.23.1;jgi|Aspni7|1123159|estExt_Genewise1Plus.C_chr_501_t10030;28.77;Aspni7;Aspoch1;54.3820;42.2720
jgi|Aspscle1|457054|estExt_fgenesh1_pm.C_10300;jgi|Aspni7|1123159|estExt_Genewise1Plus.C_chr_501_t10030;27.50;Aspni7;Aspscle1;56.3483;40.5068
jgi|Aspste1|459297|estExt_fgenesh1_pm.C_100141;jgi|Aspni7|1123159|estExt_Genewise1Plus.C_chr_501_t10030;29.09;Aspni7;Aspste1;55.2247;39.4514
jgi|Aspuva1|327069|estExt_Genewise1Plus.C_6_t10014;jgi|Aspni7|1123159|estExt_Genewise1Plus.C_chr_501_t10030;29.05;Aspni7;Aspuva1;52.4157;40.5996
jgi|Aspni7|1123159|estExt_Genewise1Plus.C_chr_501_t10030;jgi|Aspacu1|475746|estExt_Genemark1.C_790019;28.86;Aspacu1;Aspni7;40.9320;53.6517
jgi|Aspni7|1123159|estExt_Genewise1Plus.C_chr_501_t10030;jgi|Aspcam1|275300|estExt_Genewise1Plus.C_13_t10268;30.52;Aspcam1;Aspni7;24.4388;53.0899
jgi|Aspni7|1123159|estExt_Genewise1Plus.C_chr_501_t10030;jgi|Aspell1|368299|estExt_Genewise1Plus.C_30045;28.25;Aspell1;Aspni7;42.7542;55.7303
jgi|Aspste1|443300|fgenesh1_pm.1_#_1420;jgi|Aspni7|1123159|estExt_Genewise1Plus.C_chr_501_t10030;31.52;Aspni7;Aspste1;44.4944;32.0715
jgi|Aspvad1|461675|MIX2461_2_3;jgi|Aspni7|1123159|estExt_Genewise1Plus.C_chr_501_t10030;28.25;Aspni7;Aspvad1;68.7640;49.4309
jgi|Aspni7|1123159|estExt_Genewise1Plus.C_chr_501_t10030;jgi|Aspoch1|486784|estExt_Genewise1Plus.C_9_t20252;28.35;Aspoch1;Aspni7;41.8838;58.6517
jgi|Aspni7|1123159|estExt_Genewise1Plus.C_chr_501_t10030;Aacu16872_060742;28.98;Aspac1;Aspni7;42.0017;54.0449
jgi|Aspni7|1123159|estExt_Genewise1Plus.C_chr_501_t10030;jgi|Aspacu1|475847|estExt_Genemark1.C_810044;27.76;Aspacu1;Aspni7;48.0493;67.5281
jgi|Aspni7|1123159|estExt_Genewise1Plus.C_chr_501_t10030;jgi|Aspbru1|504375|MIX17515_58_11;29.02;Aspbru1;Aspni7;41.1219;53.6517
jgi|Aspni7|1123159|estExt_Genewise1Plus.C_chr_501_t10030;jgi|Aspind1|435110|fgenesh1_pm.28_#_34;30.01;Aspind1;Aspni7;36.0064;49.6067
jgi|Aspni_DSM_1|163792|An11g05570m.01;jgi|Aspni7|1123159|estExt_Genewise1Plus.C_chr_501_t10030;28.12;Aspni7;Aspni_DSM_1;67.6966;48.3819
jgi|Aspste1|507248|estExt_Genemark1.C_2_t30022;jgi|Aspni7|1123159|estExt_Genewise1Plus.C_chr_501_t10030;30.34;Aspni7;Aspste1;53.5955;25.1245
NRRL3_06217;jgi|Aspni7|1123159|estExt_Genewise1Plus.C_chr_501_t10030;31.34;Aspni7;NRRL3;44.7191;32.9109
jgi|Aspni7|1123159|estExt_Genewise1Plus.C_chr_501_t10030;Aacu16872_043247;31.49;Aspac1;Aspni7;24.4081;53.0899
jgi|Aspni7|1123159|estExt_Genewise1Plus.C_chr_501_t10030;jgi|Aspneo1|417822|estExt_fgenesh1_pg.C_260155;28.11;Aspneo1;Aspni7;48.6111;68.3146
jgi|Aspste1|375915|estExt_Genewise1.C_2_t10058;jgi|Aspni7|1123159|estExt_Genewise1Plus.C_chr_501_t10030;28.80;Aspni7;Aspste1;58.2022;46.1538
jgi|Aspni7|1123159|estExt_Genewise1Plus.C_chr_501_t10030;Asptu1_0134297;29.43;Asptu1;Aspni7;38.3185;54.1573
jgi|Aspni7|1123159|estExt_Genewise1Plus.C_chr_501_t10030;Asptu1_0156146;29.08;Asptu1;Aspni7;40.9416;53.5955
jgi|Aspni7|1123159|estExt_Genewise1Plus.C_chr_501_t10030;Asptu1_0173954;30.18;Asptu1;Aspni7;41.7550;53.5955
jgi|Aspni7|1123159|estExt_Genewise1Plus.C_chr_501_t10030;jgi|Aspfo1|84885|estExt_fgenesh1_pm.C_140209;29.25;Aspfo1;Aspni7;40.9664;53.5955
jgi|Aspni7|1123159|estExt_Genewise1Plus.C_chr_501_t10030;jgi|Aspind1|334137|e_gw1.7.195.1;29.19;Aspind1;Aspni7;38.7034;53.6517
jgi|Aspni_DSM_1|159684|An04g10030m.01;jgi|Aspni7|1123159|estExt_Genewise1Plus.C_chr_501_t10030;29.97;Aspni7;Aspni_DSM_1;48.5393;35.3346
jgi|Aspscle1|407392|fgenesh1_pm.35_#_38;jgi|Aspni7|1123159|estExt_Genewise1Plus.C_chr_501_t10030;28.60;Aspni7;Aspscle1;55.4494;39.3020
jgi|Aspuva1|425877|MIX17762_182_20;jgi|Aspni7|1123159|estExt_Genewise1Plus.C_chr_501_t10030;29.08;Aspni7;Aspuva1;53.5955;25.5013
jgi|Aspvad1|459345|MIX131_24_11;jgi|Aspni7|1123159|estExt_Genewise1Plus.C_chr_501_t10030;29.10;Aspni7;Aspvad1;56.7978;44.1598
jgi|Aspni7|1123159|estExt_Genewise1Plus.C_chr_501_t10030;Asptu1_0205634;30.16;Asptu1;Aspni7;27.2351;54.3258
jgi|Aspni7|1123159|estExt_Genewise1Plus.C_chr_501_t10030;jgi|Aspfo1|203524|gm1.2148_g;30.74;Aspfo1;Aspni7;24.9489;53.0899
jgi|Aspscl1|615778|MIX24188_9_13;jgi|Aspni7|1123159|estExt_Genewise1Plus.C_chr_501_t10030;28.88;Aspni7;Aspscl1;53.9326;38.0400
jgi|Aspvad1|359092|estExt_Genewise1.C_3_t30095;jgi|Aspni7|1123159|estExt_Genewise1Plus.C_chr_501_t10030;32.73;Aspni7;Aspvad1;45.1685;43.8985
jgi|Pench1|85311|e_gw1.7.833.1;jgi|Aspni7|1123159|estExt_Genewise1Plus.C_chr_501_t10030;30.52;Aspni7;Pench1;51.2921;36.8053
jgi|Aspni7|1123159|estExt_Genewise1Plus.C_chr_501_t10030;NRRL3_08980;30.06;NRRL3;Aspni7;40.7216;53.5955
jgi|Aspni7|1123159|estExt_Genewise1Plus.C_chr_501_t10030;Aacu16872_031185;30.46;Aspac1;Aspni7;25.3830;53.7079
jgi|Aspni7|1123159|estExt_Genewise1Plus.C_chr_501_t10030;jgi|Asplac1|472002|MIX1019_8_7;28.53;Asplac1;Aspni7;39.3190;54.0449
jgi|Aspni_DSM_1|155734|An01g06930m.01;jgi|Aspni7|1123159|estExt_Genewise1Plus.C_chr_501_t10030;28.27;Aspni7;Aspni_DSM_1;56.0674;40.6288
jgi|Aspnov1|454988|estExt_Genemark1.C_100162;jgi|Aspni7|1123159|estExt_Genewise1Plus.C_chr_501_t10030;32.12;Aspni7;Aspnov1;45.8989;21.4159
jgi|Aspste1|470157|gm1.1084_g;jgi|Aspni7|1123159|estExt_Genewise1Plus.C_chr_501_t10030;28.52;Aspni7;Aspste1;54.2135;39.2843
jgi|Aspni7|1123159|estExt_Genewise1Plus.C_chr_501_t10030;AO090001000506;27.20;Aspor1;Aspni7;43.0128;58.6517
jgi|Aspni7|1123159|estExt_Genewise1Plus.C_chr_501_t10030;Asptu1_0067116;30.70;Asptu1;Aspni7;24.7026;53.0899
jgi|Aspni7|1123159|estExt_Genewise1Plus.C_chr_501_t10030;Asptu1_0927185;27.66;Asptu1;Aspni7;41.8924;58.0337
jgi|Aspni7|1123159|estExt_Genewise1Plus.C_chr_501_t10030;jgi|Aspacu1|452076|MIX7355_581_25;30.83;Aspacu1;Aspni7;36.5756;49.6067
jgi|Aspni7|1123159|estExt_Genewise1Plus.C_chr_501_t10030;jgi|Asphet1|343322|estExt_Genewise1Plus.C_290280;29.71;Asphet1;Aspni7;25.5668;53.0337
jgi|Aspni_DSM_1|164595|An12g02670m.01;jgi|Aspni7|1123159|estExt_Genewise1Plus.C_chr_501_t10030;29.51;Aspni7;Aspni_DSM_1;56.9101;33.5805
jgi|Aspnov1|424163|gm1.8510_g;jgi|Aspni7|1123159|estExt_Genewise1Plus.C_chr_501_t10030;29.23;Aspni7;Aspnov1;54.8876;41.3144
jgi|Aspscle1|356858|estExt_Genewise1Plus.C_1_t20334;jgi|Aspni7|1123159|estExt_Genewise1Plus.C_chr_501_t10030;28.72;Aspni7;Aspscle1;63.4831;50.5872
jgi|Neofi1|5376|7000001156987221;jgi|Aspni7|1123159|estExt_Genewise1Plus.C_chr_501_t10030;29.17;Aspni7;Neofi1;54.9438;41.9933
jgi|Aspni7|1123159|estExt_Genewise1Plus.C_chr_501_t10030;jgi|Aspca3|129251|estExt_Genemark1.C_50656;30.56;Aspca3;Aspni7;24.9690;54.5506
jgi|Aspni7|1123159|estExt_Genewise1Plus.C_chr_501_t10030;jgi|Aspneo1|403334|estExt_fgenesh1_pm.C_20442;30.05;Aspneo1;Aspni7;41.3974;53.6517
jgi|Aspste1|410869|estExt_Genewise1Plus.C_5_t40107;jgi|Aspni7|1123159|estExt_Genewise1Plus.C_chr_501_t10030;29.83;Aspni7;Aspste1;56.1798;28.3366
jgi|Aspvad1|484176|estExt_Genemark1.C_2_t10013;jgi|Aspni7|1123159|estExt_Genewise1Plus.C_chr_501_t10030;28.64;Aspni7;Aspvad1;59.2135;42.6869
jgi|Aspni7|1123159|estExt_Genewise1Plus.C_chr_501_t10030;Aspbr1_0050596;29.34;Aspbr1;Aspni7;33.7363;52.8090
jgi|Aspni7|1123159|estExt_Genewise1Plus.C_chr_501_t10030;Aspbr1_0202940;29.17;Aspbr1;Aspni7;40.8403;53.5955
jgi|Asppip1|416288|estExt_Genewise1Plus.C_4_t30350;jgi|Aspni7|1123159|estExt_Genewise1Plus.C_chr_501_t10030;29.16;Aspni7;Asppip1;53.6517;33.0545
jgi|Asppip1|472678|estExt_fgenesh1_pm.C_310078;jgi|Aspni7|1123159|estExt_Genewise1Plus.C_chr_501_t10030;29.34;Aspni7;Asppip1;53.6517;38.3005
jgi|Aspste1|511231|estExt_Genemark1.C_6_t10141;jgi|Aspni7|1123159|estExt_Genewise1Plus.C_chr_501_t10030;29.41;Aspni7;Aspste1;53.0899;37.4542
jgi|Aspni7|1123159|estExt_Genewise1Plus.C_chr_501_t10030;AO090009000052;29.14;Aspor1;Aspni7;44.0047;57.0225
jgi|Aspni7|1123159|estExt_Genewise1Plus.C_chr_501_t10030;Aspbr1_0134718;29.73;Aspbr1;Aspni7;38.3185;54.1573
jgi|Aspni7|1123159|estExt_Genewise1Plus.C_chr_501_t10030;jgi|Aspeuc1|439258|estExt_Genemark1.C_200235;28.80;Aspeuc1;Aspni7;39.2552;54.2135
jgi|Aspni7|1123159|estExt_Genewise1Plus.C_chr_501_t10030;jgi|Aspneo1|456545|estExt_Genemark1.C_60266;31.03;Aspneo1;Aspni7;24.9489;53.0899
jgi|Aspscl1|519435|estExt_Genewise1Plus.C_18_t10416;jgi|Aspni7|1123159|estExt_Genewise1Plus.C_chr_501_t10030;33.73;Aspni7;Aspscl1;44.7753;31.3295
jgi|Aspvad1|390808|estExt_Genewise1Plus.C_15_t10221;jgi|Aspni7|1123159|estExt_Genewise1Plus.C_chr_501_t10030;29.23;Aspni7;Aspvad1;56.9101;33.4272
jgi|Aspni7|1123159|estExt_Genewise1Plus.C_chr_501_t10030;Asptu1_0199312;27.83;Asptu1;Aspni7;53.0152;66.7416
jgi|Aspni7|1123159|estExt_Genewise1Plus.C_chr_501_t10030;jgi|Aspcl1|722|7000001156822947;30.04;Aspcl1;Aspni7;25.3244;53.8764
jgi|Aspni7|1123159|estExt_Genewise1Plus.C_chr_501_t10030;jgi|Asphom1|477055|estExt_fgenesh1_pg.C_110178;29.10;Asphom1;Aspni7;33.7237;57.3034
jgi|Aspni7|1123159|estExt_Genewise1Plus.C_chr_501_t10030;jgi|Aspka1_1|12877|AKAW_01405;32.54;Aspka1_1;Aspni7;95.4248;47.6404
jgi|Asppip1|439863|fgenesh1_pg.13_#_151;jgi|Aspni7|1123159|estExt_Genewise1Plus.C_chr_501_t10030;32.56;Aspni7;Asppip1;46.9663;31.8491
jgi|Aspscle1|422284|gm1.9821_g;jgi|Aspni7|1123159|estExt_Genewise1Plus.C_chr_501_t10030;30.60;Aspni7;Aspscle1;53.6517;24.6482
jgi|Aspste1|383657|estExt_Genewise1.C_4_t30095;jgi|Aspni7|1123159|estExt_Genewise1Plus.C_chr_501_t10030;29.78;Aspni7;Aspste1;53.6517;39.4539
jgi|Aspste1|392794|estExt_Genewise1.C_9_t20336;jgi|Aspni7|1123159|estExt_Genewise1Plus.C_chr_501_t10030;31.09;Aspni7;Aspste1;53.0337;27.8057
jgi|Aspni7|1123159|estExt_Genewise1Plus.C_chr_501_t10030;AO090113000209;29.46;Aspor1;Aspni7;81.8255;56.1798
jgi|Aspni7|1123159|estExt_Genewise1Plus.C_chr_501_t10030;Aspve1_0182982;30.10;Aspve1;Aspni7;38.9474;53.4831
jgi|Aspnid1|2561|AN3612;jgi|Aspni7|1123159|estExt_Genewise1Plus.C_chr_501_t10030;28.87;Aspni7;Aspnid1;55.2809;39.1832
jgi|Aspni7|1123159|estExt_Genewise1Plus.C_chr_501_t10030;Asptu1_0034465;32.36;Asptu1;Aspni7;30.7372;45.1685
jgi|Aspni7|1123159|estExt_Genewise1Plus.C_chr_501_t10030;jgi|Asplac1|451379|gm1.11156_g;32.45;Asplac1;Aspni7;31.0148;45.1685
jgi|Aspni7|1123159|estExt_Genewise1Plus.C_chr_501_t10030;jgi|Asplac1|500119|estExt_Genemark1.C_110144;28.12;Asplac1;Aspni7;48.7520;67.6966
Aacu16872_026431;jgi|Aspni7|1123159|estExt_Genewise1Plus.C_chr_501_t10030;29.45;Aspni7;Aspac1;53.6517;40.4782
jgi|Aspni_DSM_1|155170|An01g01130m.01;jgi|Aspni7|1123159|estExt_Genewise1Plus.C_chr_501_t10030;29.31;Aspni7;Aspni_DSM_1;53.9326;40.6341
jgi|Aspscl1|599437|MIX7847_4_4;jgi|Aspni7|1123159|estExt_Genewise1Plus.C_chr_501_t10030;33.22;Aspni7;Aspscl1;46.1236;22.2576
jgi|Aspni7|1123159|estExt_Genewise1Plus.C_chr_501_t10030;AO090701000826;30.32;Aspor1;Aspni7;36.7218;49.3258
jgi|Aspni7|1123159|estExt_Genewise1Plus.C_chr_501_t10030;Aspbr1_0191248;30.28;Aspbr1;Aspni7;27.3356;57.9775
jgi|Aspni7|1123159|estExt_Genewise1Plus.C_chr_501_t10030;Aspgl1_0074985;29.76;Aspgl1;Aspni7;40.8923;55.6180
jgi|Aspni7|1123159|estExt_Genewise1Plus.C_chr_501_t10030;jgi|Aspca3|171425|estExt_Genewise1Plus.C_91104;30.89;Aspca3;Aspni7;39.6567;50.8989
jgi|Aspni7|1123159|estExt_Genewise1Plus.C_chr_501_t10030;jgi|Aspca3|504743|estExt_fgenesh2_pg.C_3_t20188;28.21;Aspca3;Aspni7;41.8539;59.2135
jgi|Aspni7|1123159|estExt_Genewise1Plus.C_chr_501_t10030;jgi|Aspcl1|7331|7000001156880587;30.76;Aspcl1;Aspni7;24.6391;53.2584
jgi|Aspni7|1123159|estExt_Genewise1Plus.C_chr_501_t10030;jgi|Aspell1|438725|estExt_fgenesh1_pg.C_260048;29.49;Aspell1;Aspni7;38.6529;53.8764
jgi|Aspni7|1123159|estExt_Genewise1Plus.C_chr_501_t10030;jgi|Asphet1|429968|estExt_Genemark1.C_160043;30.57;Asphet1;Aspni7;39.5784;54.3820
jgi|Aspni7|1123159|estExt_Genewise1Plus.C_chr_501_t10030;jgi|Aspneo1|399735|fgenesh1_pm.30_#_123;28.26;Aspneo1;Aspni7;42.3394;59.2135
jgi|Aspni_DSM_1|165631|An13g02430m.01;jgi|Aspni7|1123159|estExt_Genewise1Plus.C_chr_501_t10030;31.63;Aspni7;Aspni_DSM_1;47.6404;37.5330
jgi|Aspscle1|441799|MIX7220_5_6;jgi|Aspni7|1123159|estExt_Genewise1Plus.C_chr_501_t10030;30.72;Aspni7;Aspscle1;52.9775;22.2068
jgi|Aspuva1|421469|MIX13354_1147_65;jgi|Aspni7|1123159|estExt_Genewise1Plus.C_chr_501_t10030;29.22;Aspni7;Aspuva1;53.6517;40.6395
jgi|Aspnid1|4865|AN6791;jgi|Aspni7|1123159|estExt_Genewise1Plus.C_chr_501_t10030;29.86;Aspni7;Aspnid1;57.4157;41.3780
jgi|Aspuva1|380441|estExt_fgenesh1_pm.C_40227;jgi|Aspni7|1123159|estExt_Genewise1Plus.C_chr_501_t10030;28.52;Aspni7;Aspuva1;55.0562;41.3274
jgi|Eurhe1|499888|estExt_Genewise1Plus.C_12_t10165;jgi|Aspni7|1123159|estExt_Genewise1Plus.C_chr_501_t10030;30.11;Aspni7;Eurhe1;55.6180;41.5557
jgi|Aspni7|1123159|estExt_Genewise1Plus.C_chr_501_t10030;Aacu16872_051108;30.25;Aspac1;Aspni7;24.2328;53.5393
jgi|Aspni7|1123159|estExt_Genewise1Plus.C_chr_501_t10030;jgi|Aspeuc1|309019|e_gw1.7.821.1;32.65;Aspeuc1;Aspni7;43.9288;45.1685
jgi|Aspni7|1123159|estExt_Genewise1Plus.C_chr_501_t10030;jgi|Aspfo1|202182|gm1.806_g;29.63;Aspfo1;Aspni7;42.1943;54.1573
jgi|Aspni7|1123159|estExt_Genewise1Plus.C_chr_501_t10030;jgi|Asphet1|297619|e_gw1.25.87.1;30.29;Asphet1;Aspni7;60.1117;53.0337
jgi|Aspni7|1123159|estExt_Genewise1Plus.C_chr_501_t10030;jgi|Asphet1|419404|MIX17716_365_50;30.23;Asphet1;Aspni7;24.3685;53.8202
jgi|Aspni7|1123159|estExt_Genewise1Plus.C_chr_501_t10030;jgi|Aspind1|456812|estExt_Genemark1.C_380035;29.47;Aspind1;Aspni7;40.7128;53.6517
jgi|Aspni7|1123159|estExt_Genewise1Plus.C_chr_501_t10030;jgi|Aspneo1|438055|MIX6178_232_62;29.01;Aspneo1;Aspni7;39.8323;53.0899
jgi|Aspni7|1123159|estExt_Genewise1Plus.C_chr_501_t10030;Aacu16872_037364;29.99;Aspac1;Aspni7;39.4994;53.5955
jgi|Aspni7|1123159|estExt_Genewise1Plus.C_chr_501_t10030;jgi|Aspcam1|260046|estExt_Genewise1.C_14_t10316;30.64;Aspcam1;Aspni7;25.2055;53.2022
jgi|Aspni7|1123159|estExt_Genewise1Plus.C_chr_501_t10030;jgi|Aspell1|175022|CE175021_6194;29.31;Aspell1;Aspni7;40.6419;53.6517
jgi|Aspni7|1123159|estExt_Genewise1Plus.C_chr_501_t10030;jgi|Aspeuc1|362710|estExt_Genewise1Plus.C_15_t10353;30.01;Aspeuc1;Aspni7;34.0575;56.9101
jgi|Aspni7|1123159|estExt_Genewise1Plus.C_chr_501_t10030;jgi|Aspeuc1|450038|MIX7567_58_40;28.39;Aspeuc1;Aspni7;49.9593;69.5506
jgi|Aspni7|1123159|estExt_Genewise1Plus.C_chr_501_t10030;jgi|Aspfo1|183092|estExt_Genewise1Plus.C_3_t50007;28.10;Aspfo1;Aspni7;42.0284;53.6517
jgi|Aspni7|1123159|estExt_Genewise1Plus.C_chr_501_t10030;jgi|Aspind1|460764|estExt_Genemark1.C_1240029;28.83;Aspind1;Aspni7;39.7416;55.0562
jgi|Aspni7|1123159|estExt_Genewise1Plus.C_chr_501_t10030;Aspgl1_0056859;30.84;Aspgl1;Aspni7;40.5012;54.0449
jgi|Aspni7|1123159|estExt_Genewise1Plus.C_chr_501_t10030;jgi|Aspfu_A1163_1|107529|CADAFUBT00008535m.01;30.21;Aspfu_A1163_1;Aspni7;25.8768;54.6629
jgi|Aspni7|1123159|estExt_Genewise1Plus.C_chr_501_t10030;jgi|Asplac1|429075|fgenesh1_pm.1_#_619;28.45;Asplac1;Aspni7;80.1430;57.5281
NRRL3_10375;jgi|Aspni7|1123159|estExt_Genewise1Plus.C_chr_501_t10030;31.29;Aspni7;NRRL3;53.5955;38.0787
jgi|Aspni7|1123159|estExt_Genewise1Plus.C_chr_501_t10030;Afu3g01410;33.18;Aspfu1;Aspni7;32.2530;44.8315
jgi|Aspni7|1123159|estExt_Genewise1Plus.C_chr_501_t10030;Afu8g00540;29.89;Aspfu1;Aspni7;26.4721;56.1798
jgi|Aspni7|1123159|estExt_Genewise1Plus.C_chr_501_t10030;Asptu1_0170708;29.21;Asptu1;Aspni7;39.8323;53.0899
jgi|Aspni7|1123159|estExt_Genewise1Plus.C_chr_501_t10030;jgi|Aspcl1|6223|7000001156873357;33.33;Aspcl1;Aspni7;34.3314;45.8989
jgi|Aspnid1|2563|AN10430;jgi|Aspni7|1123159|estExt_Genewise1Plus.C_chr_501_t10030;30.15;Aspni7;Aspnid1;53.6517;59.2480
jgi|Aspni_DSM_1|163828|An11g05940m.01;jgi|Aspni7|1123159|estExt_Genewise1Plus.C_chr_501_t10030;30.33;Aspni7;Aspni_DSM_1;53.6517;41.7219
jgi|Asppip1|499251|MIX5481_2_3;jgi|Aspni7|1123159|estExt_Genewise1Plus.C_chr_501_t10030;30.76;Aspni7;Asppip1;53.5955;42.0987
jgi|Aspste1|451906|estExt_fgenesh1_pm.C_1_t10328;jgi|Aspni7|1123159|estExt_Genewise1Plus.C_chr_501_t10030;28.69;Aspni7;Aspste1;58.7079;35.3306
jgi|Aspvio1|445539|estExt_Genemark1.C_720012;jgi|Aspni7|1123159|estExt_Genewise1Plus.C_chr_501_t10030;29.77;Aspni7;Aspvio1;53.6517;40.7128
jgi|Aspni7|1123159|estExt_Genewise1Plus.C_chr_501_t10030;jgi|Aspcam1|308451|estExt_fgenesh1_pm.C_1_t20009;27.54;Aspcam1;Aspni7;42.3108;58.2584
jgi|Aspni7|1123159|estExt_Genewise1Plus.C_chr_501_t10030;jgi|Aspfu_A1163_1|103758|CADAFUBT00004689m.01;33.18;Aspfu_A1163_1;Aspni7;32.2530;44.8315
jgi|Aspni7|1123159|estExt_Genewise1Plus.C_chr_501_t10030;jgi|Asphet1|340873|estExt_Genewise1Plus.C_220222;29.55;Asphet1;Aspni7;40.8298;56.2360
jgi|Aspni7|1123159|estExt_Genewise1Plus.C_chr_501_t10030;jgi|Asphom1|477677|estExt_fgenesh1_pg.C_160060;31.10;Asphom1;Aspni7;38.9567;50.8989
jgi|Aspni7|1123159|estExt_Genewise1Plus.C_chr_501_t10030;jgi|Aspka1_1|14438|AKAW_02965;29.04;Aspka1_1;Aspni7;39.8323;53.0899
jgi|Aspvad1|461828|MIX2614_20_24;jgi|Aspni7|1123159|estExt_Genewise1Plus.C_chr_501_t10030;30.95;Aspni7;Aspvad1;49.7753;39.8577
NRRL3_02189;jgi|Aspni7|1123159|estExt_Genewise1Plus.C_chr_501_t10030;29.15;Aspni7;NRRL3;56.0674;40.4272
jgi|Aspni7|1123159|estExt_Genewise1Plus.C_chr_501_t10030;Aacu16872_028828;29.76;Aspac1;Aspni7;40.3870;53.6517
jgi|Aspni7|1123159|estExt_Genewise1Plus.C_chr_501_t10030;Aspbr1_0211676;30.20;Aspbr1;Aspni7;26.4261;53.6517
jgi|Aspni7|1123159|estExt_Genewise1Plus.C_chr_501_t10030;jgi|Aspbru1|485196|estExt_fgenesh1_pg.C_730038;30.04;Aspbru1;Aspni7;40.9705;53.6517
jgi|Aspni7|1123159|estExt_Genewise1Plus.C_chr_501_t10030;jgi|Aspka1_1|14078|AKAW_02605;29.06;Aspka1_1;Aspni7;33.0435;53.6517
jgi|Aspni7|1123159|estExt_Genewise1Plus.C_chr_501_t10030;jgi|Asplac1|476854|MIX5871_27_30;29.78;Asplac1;Aspni7;34.7917;56.9101
jgi|Aspscle1|450483|MIX15904_2264_87;jgi|Aspni7|1123159|estExt_Genewise1Plus.C_chr_501_t10030;29.02;Aspni7;Aspscle1;53.9326;41.1243
jgi|Aspvad1|465950|MIX6736_16_16;jgi|Aspni7|1123159|estExt_Genewise1Plus.C_chr_501_t10030;28.91;Aspni7;Aspvad1;59.0449;42.2277
jgi|Aspni7|1123159|estExt_Genewise1Plus.C_chr_501_t10030;Asptu1_0137648;29.26;Asptu1;Aspni7;24.7776;53.5393
jgi|Aspni7|1123159|estExt_Genewise1Plus.C_chr_501_t10030;jgi|Aspacu1|472946|estExt_Genemark1.C_370077;30.35;Aspacu1;Aspni7;40.5383;53.2584
jgi|Aspni7|1123159|estExt_Genewise1Plus.C_chr_501_t10030;jgi|Asphet1|407216|MIX5528_6_8;31.00;Asphet1;Aspni7;41.5952;54.3258
jgi|Aspni7|1123159|estExt_Genewise1Plus.C_chr_501_t10030;jgi|Asphom1|460597|MIX13093_67_50;30.48;Asphom1;Aspni7;41.2618;53.8764
jgi|Aspni7|1123159|estExt_Genewise1Plus.C_chr_501_t10030;jgi|Aspka1_1|18770|AKAW_07297;29.82;Aspka1_1;Aspni7;34.8283;58.1461
jgi|Asppip1|480869|estExt_fgenesh1_pg.C_220034;jgi|Aspni7|1123159|estExt_Genewise1Plus.C_chr_501_t10030;30.01;Aspni7;Asppip1;58.1461;34.8283
jgi|Aspscl1|461490|e_gw1.8.147.1;jgi|Aspni7|1123159|estExt_Genewise1Plus.C_chr_501_t10030;29.01;Aspni7;Aspscl1;59.2135;42.5255
jgi|Aspste1|351746|e_gw1.2.280.1;jgi|Aspni7|1123159|estExt_Genewise1Plus.C_chr_501_t10030;31.41;Aspni7;Aspste1;54.2697;42.1456
jgi|Aspvio1|428250|gm1.677_g;jgi|Aspni7|1123159|estExt_Genewise1Plus.C_chr_501_t10030;28.98;Aspni7;Aspvio1;55.0562;39.4481
jgi|Aspni7|1123159|estExt_Genewise1Plus.C_chr_501_t10030;jgi|Aspell1|436033|gm1.11601_g;30.72;Aspell1;Aspni7;41.2397;53.9326
jgi|Aspni7|1123159|estExt_Genewise1Plus.C_chr_501_t10030;jgi|Aspka1_1|20326|AKAW_08853;33.09;Aspka1_1;Aspni7;43.7968;45.1685
jgi|Aspfo1|83090|estExt_fgenesh1_pm.C_10_t10048;jgi|Aspni7|1123159|estExt_Genewise1Plus.C_chr_501_t10030;29.43;Aspni7;Aspfo1;53.5393;24.7776
jgi|Aspni_DSM_1|160338|An07g01030m.01;jgi|Aspni7|1123159|estExt_Genewise1Plus.C_chr_501_t10030;28.77;Aspni7;Aspni_DSM_1;57.5281;80.3150
jgi|Aspuva1|339086|estExt_Genewise1Plus.C_400229;jgi|Aspni7|1123159|estExt_Genewise1Plus.C_chr_501_t10030;27.12;Aspni7;Aspuva1;69.7191;50.2451
NRRL3_04305;jgi|Aspni7|1123159|estExt_Genewise1Plus.C_chr_501_t10030;29.78;Aspni7;NRRL3;53.0899;71.6511
jgi|Aspni7|1123159|estExt_Genewise1Plus.C_chr_501_t10030;Aspbr1_0058176;31.45;Aspbr1;Aspni7;39.6009;49.4944
jgi|Aspni7|1123159|estExt_Genewise1Plus.C_chr_501_t10030;Aspbr1_0121214;28.19;Aspbr1;Aspni7;48.2099;66.4607
jgi|Aspni7|1123159|estExt_Genewise1Plus.C_chr_501_t10030;jgi|Aspca3|399769|fgenesh2_pm.17_#_130;29.37;Aspca3;Aspni7;40.0238;53.5955
jgi|Aspni7|1123159|estExt_Genewise1Plus.C_chr_501_t10030;jgi|Aspcam1|303490|estExt_fgenesh1_pg.C_4_t10356;29.83;Aspcam1;Aspni7;40.0240;56.3483
jgi|Aspni7|1123159|estExt_Genewise1Plus.C_chr_501_t10030;jgi|Aspell1|455571|MIX829_4_8;31.75;Aspell1;Aspni7;57.0453;49.4382
jgi|Aspni7|1123159|estExt_Genewise1Plus.C_chr_501_t10030;jgi|Aspfo1|48698|fgenesh1_kg.9_#_577_#_Locus2972v1rpkm62.90;33.09;Aspfo1;Aspni7;43.6800;45.1685
jgi|Aspni7|1123159|estExt_Genewise1Plus.C_chr_501_t10030;jgi|Asphet1|356594|fgenesh1_pg.47_#_42;30.06;Asphet1;Aspni7;34.4285;54.1573
jgi|Aspni7|1123159|estExt_Genewise1Plus.C_chr_501_t10030;jgi|Aspind1|347521|e_gw1.61.44.1;30.86;Aspind1;Aspni7;32.6695;54.1573
jgi|Aspni7|1123159|estExt_Genewise1Plus.C_chr_501_t10030;jgi|Aspneo1|408884|estExt_fgenesh1_pm.C_280118;30.34;Aspneo1;Aspni7;34.0575;56.9101
jgi|Aspoch1|477898|estExt_Genewise1Plus.C_3_t40360;jgi|Aspni7|1123159|estExt_Genewise1Plus.C_chr_501_t10030;30.10;Aspni7;Aspoch1;53.6517;38.5173
jgi|Aspscle1|364974|estExt_Genewise1Plus.C_210155;jgi|Aspni7|1123159|estExt_Genewise1Plus.C_chr_501_t10030;28.89;Aspni7;Aspscle1;53.9326;38.5575
jgi|Aspste1|473175|gm1.4102_g;jgi|Aspni7|1123159|estExt_Genewise1Plus.C_chr_501_t10030;29.78;Aspni7;Aspste1;53.5955;38.2424
NRRL3_01369;jgi|Aspni7|1123159|estExt_Genewise1Plus.C_chr_501_t10030;31.27;Aspni7;NRRL3;49.6067;39.6889
jgi|Aspni7|1123159|estExt_Genewise1Plus.C_chr_501_t10030;jgi|Aspeuc1|444816|MIX2345_31_24;29.71;Aspeuc1;Aspni7;24.7776;53.5393
jgi|Aspni7|1123159|estExt_Genewise1Plus.C_chr_501_t10030;jgi|Asplac1|486860|MIX15877_8_6;31.27;Asplac1;Aspni7;38.9956;49.6067
jgi|Aspni7|1123159|estExt_Genewise1Plus.C_chr_501_t10030;jgi|Asplac1|500094|estExt_Genemark1.C_110113;30.33;Asplac1;Aspni7;41.6701;53.6517
jgi|Aspscle1|222249|CE222248_3523;jgi|Aspni7|1123159|estExt_Genewise1Plus.C_chr_501_t10030;30.10;Aspni7;Aspscle1;53.0899;37.6221
jgi|Aspni7|1123159|estExt_Genewise1Plus.C_chr_501_t10030;Asptu1_0134719;30.18;Asptu1;Aspni7;34.7569;56.9101
jgi|Aspni7|1123159|estExt_Genewise1Plus.C_chr_501_t10030;jgi|Aspcam1|330137|estExt_Genemark1.C_130153;30.96;Aspcam1;Aspni7;25.0558;53.5955
jgi|Aspni7|1123159|estExt_Genewise1Plus.C_chr_501_t10030;jgi|Asphet1|301957|e_gw1.48.89.1;30.68;Asphet1;Aspni7;44.5841;50.8989
jgi|Aspscle1|467593|estExt_fgenesh1_pg.C_110035;jgi|Aspni7|1123159|estExt_Genewise1Plus.C_chr_501_t10030;31.31;Aspni7;Aspscle1;50.8989;46.3353
jgi|Neofi1|3857|7000001156979609;jgi|Aspni7|1123159|estExt_Genewise1Plus.C_chr_501_t10030;28.47;Aspni7;Neofi1;69.2697;48.3806
jgi|Aspni7|1123159|estExt_Genewise1Plus.C_chr_501_t10030;AO090020000186;28.79;Aspor1;Aspni7;39.1628;55.2247
jgi|Aspni7|1123159|estExt_Genewise1Plus.C_chr_501_t10030;Aspbr1_0161220;30.37;Aspbr1;Aspni7;32.5710;54.3820
jgi|Aspni7|1123159|estExt_Genewise1Plus.C_chr_501_t10030;Aspsy1_0025738;30.40;Aspsy1;Aspni7;41.6504;56.2360
jgi|Aspni7|1123159|estExt_Genewise1Plus.C_chr_501_t10030;Asptu1_0028505;30.95;Asptu1;Aspni7;40.0000;49.7753
jgi|Aspni7|1123159|estExt_Genewise1Plus.C_chr_501_t10030;jgi|Aspacu1|350313|estExt_Genewise1.C_260008;30.08;Aspacu1;Aspni7;43.2339;56.4045
jgi|Aspni7|1123159|estExt_Genewise1Plus.C_chr_501_t10030;jgi|Aspeuc1|434288|estExt_Genemark1.C_3_t10381;30.98;Aspeuc1;Aspni7;41.6460;53.5955
jgi|Aspni7|1123159|estExt_Genewise1Plus.C_chr_501_t10030;jgi|Aspfo1|37436|fgenesh1_pg.15_#_211;29.78;Aspfo1;Aspni7;35.4839;58.1461
jgi|Aspni7|1123159|estExt_Genewise1Plus.C_chr_501_t10030;jgi|Aspka1_1|13189|AKAW_01717;30.34;Aspka1_1;Aspni7;42.3861;54.8876
jgi|Aspni7|1123159|estExt_Genewise1Plus.C_chr_501_t10030;jgi|Aspka1_1|15590|AKAW_04117;29.77;Aspka1_1;Aspni7;40.2608;56.5169
jgi|Aspsac1|376297|fgenesh1_pm.35_#_64;jgi|Aspni7|1123159|estExt_Genewise1Plus.C_chr_501_t10030;32.00;Aspni7;Aspsac1;53.6517;24.7205
jgi|Aspscl1|606120|MIX14530_982_72;jgi|Aspni7|1123159|estExt_Genewise1Plus.C_chr_501_t10030;31.10;Aspni7;Aspscl1;55.0562;43.2527
jgi|Aspvio1|321327|e_gw1.2.719.1;jgi|Aspni7|1123159|estExt_Genewise1Plus.C_chr_501_t10030;31.22;Aspni7;Aspvio1;50.8989;37.7714
jgi|Pench1|2039|gm1.2027_g;jgi|Aspni7|1123159|estExt_Genewise1Plus.C_chr_501_t10030;30.54;Aspni7;Pench1;53.0899;38.4198
jgi|Aspni7|1123159|estExt_Genewise1Plus.C_chr_501_t10030;Aspbr1_0138029;29.67;Aspbr1;Aspni7;40.8598;57.4157
jgi|Aspni7|1123159|estExt_Genewise1Plus.C_chr_501_t10030;jgi|Aspell1|454796|MIX54_344_64;30.37;Aspell1;Aspni7;24.7958;54.3258
jgi|Aspni7|1123159|estExt_Genewise1Plus.C_chr_501_t10030;jgi|Asplac1|499196|estExt_Genemark1.C_80143;29.15;Asplac1;Aspni7;40.4272;56.0674
jgi|Aspoch1|548914|MIX12335_1246_84;jgi|Aspni7|1123159|estExt_Genewise1Plus.C_chr_501_t10030;30.82;Aspni7;Aspoch1;50.7303;36.1338
jgi|Aspvad1|465376|MIX6162_109_59;jgi|Aspni7|1123159|estExt_Genewise1Plus.C_chr_501_t10030;31.76;Aspni7;Aspvad1;53.5955;40.8137
jgi|Aspwe1|149949|estExt_Genewise1Plus.C_2_t50020;jgi|Aspni7|1123159|estExt_Genewise1Plus.C_chr_501_t10030;30.96;Aspni7;Aspwe1;54.0449;43.8294
jgi|Pendi1|558|PDIG_15090m.01;jgi|Aspni7|1123159|estExt_Genewise1Plus.C_chr_501_t10030;29.71;Aspni7;Pendi1;54.8876;38.4496
jgi|Aspni7|1123159|estExt_Genewise1Plus.C_chr_501_t10030;jgi|Aspell1|483697|estExt_Genemark1.C_730024;29.61;Aspell1;Aspni7;43.8704;56.2921
jgi|Aspvad1|461379|MIX2165_692_89;jgi|Aspni7|1123159|estExt_Genewise1Plus.C_chr_501_t10030;30.44;Aspni7;Aspvad1;53.8202;24.9111
jgi|Aspni7|1123159|estExt_Genewise1Plus.C_chr_501_t10030;jgi|Aspacu1|467184|estExt_Genemark1.C_1_t10347;33.37;Aspacu1;Aspni7;31.0028;47.6404
jgi|Aspni7|1123159|estExt_Genewise1Plus.C_chr_501_t10030;jgi|Aspcl1|6366|7000001156875593;31.56;Aspcl1;Aspni7;24.1345;53.0899
jgi|Aspni7|1123159|estExt_Genewise1Plus.C_chr_501_t10030;jgi|Aspeuc1|449894|MIX7423_16_20;30.61;Aspeuc1;Aspni7;39.8045;49.7753
jgi|Aspni7|1123159|estExt_Genewise1Plus.C_chr_501_t10030;jgi|Aspeuc1|454402|MIX11931_67_41;30.16;Aspeuc1;Aspni7;39.2711;56.0112
jgi|Aspni7|1123159|estExt_Genewise1Plus.C_chr_501_t10030;jgi|Asplac1|483081|MIX12098_6_8;30.95;Asplac1;Aspni7;36.3062;49.6067
jgi|PenbrAgRF18_1|296470|estExt_Genewise1.C_4_t20449;jgi|Aspni7|1123159|estExt_Genewise1Plus.C_chr_501_t10030;30.30;Aspni7;PenbrAgRF18_1;54.3258;43.8147
jgi|Pench1|70100|e_gw1.2.3250.1;jgi|Aspni7|1123159|estExt_Genewise1Plus.C_chr_501_t10030;29.91;Aspni7;Pench1;55.6180;39.1373
jgi|Aspni7|1123159|estExt_Genewise1Plus.C_chr_501_t10030;Asptu1_0934815;29.22;Asptu1;Aspni7;42.2547;59.2135
jgi|Aspni7|1123159|estExt_Genewise1Plus.C_chr_501_t10030;jgi|Aspca3|133905|estExt_Genemark1.C_170101;30.75;Aspca3;Aspni7;38.9810;53.6517
jgi|Aspni7|1123159|estExt_Genewise1Plus.C_chr_501_t10030;jgi|Aspcl1|2991|7000001156845103;33.13;Aspcl1;Aspni7;31.7721;45.5056
jgi|Aspni7|1123159|estExt_Genewise1Plus.C_chr_501_t10030;jgi|Asphet1|415288|MIX13600_4_6;31.87;Asphet1;Aspni7;41.1366;53.2584
jgi|Aspni7|1123159|estExt_Genewise1Plus.C_chr_501_t10030;jgi|Aspind1|366747|estExt_Genewise1.C_210093;32.08;Aspind1;Aspni7;39.6968;53.3146
jgi|Aspoch1|484695|estExt_Genewise1Plus.C_7_t30276;jgi|Aspni7|1123159|estExt_Genewise1Plus.C_chr_501_t10030;30.91;Aspni7;Aspoch1;52.9775;24.2439
jgi|Aspsac1|388526|estExt_Genemark1.C_20374;jgi|Aspni7|1123159|estExt_Genewise1Plus.C_chr_501_t10030;31.41;Aspni7;Aspsac1;53.2584;25.2187
jgi|Aspste1|407966|estExt_Genewise1Plus.C_4_t30004;jgi|Aspni7|1123159|estExt_Genewise1Plus.C_chr_501_t10030;32.49;Aspni7;Aspste1;53.6517;38.8446
jgi|Aspwe1|55453|fgenesh1_pm.10_#_191;jgi|Aspni7|1123159|estExt_Genewise1Plus.C_chr_501_t10030;30.18;Aspni7;Aspwe1;53.6517;38.6800
jgi|Aspni7|1123159|estExt_Genewise1Plus.C_chr_501_t10030;Afu6g13930;31.93;Aspfu1;Aspni7;40.1063;53.5955
jgi|Aspni7|1123159|estExt_Genewise1Plus.C_chr_501_t10030;AO090009000071;30.76;Aspor1;Aspni7;31.3367;53.0899
jgi|Aspni7|1123159|estExt_Genewise1Plus.C_chr_501_t10030;Aspsy1_0086511;30.23;Aspsy1;Aspni7;38.8244;53.4831
jgi|Aspni7|1123159|estExt_Genewise1Plus.C_chr_501_t10030;Aspzo1_0076667;29.82;Aspzo1;Aspni7;49.1803;57.5281
jgi|Aspni7|1123159|estExt_Genewise1Plus.C_chr_501_t10030;jgi|Aspbru1|518197|estExt_Genemark1.C_850005;31.02;Aspbru1;Aspni7;41.1338;53.7079
jgi|Aspni7|1123159|estExt_Genewise1Plus.C_chr_501_t10030;jgi|Aspfu_A1163_1|99241|CADAFUBT00000082m.01;31.93;Aspfu_A1163_1;Aspni7;40.1063;53.5955
jgi|Aspni7|1123159|estExt_Genewise1Plus.C_chr_501_t10030;jgi|Aspneo1|462531|estExt_Genemark1.C_400046;30.31;Aspneo1;Aspni7;43.1616;54.0449
jgi|Aspste1|389465|estExt_Genewise1.C_7_t10482;jgi|Aspni7|1123159|estExt_Genewise1Plus.C_chr_501_t10030;31.86;Aspni7;Aspste1;51.4607;28.7945
jgi|Aspste1|429736|fgenesh1_pg.8_#_294;jgi|Aspni7|1123159|estExt_Genewise1Plus.C_chr_501_t10030;31.49;Aspni7;Aspste1;54.1011;25.9946
jgi|Neofi1|6032|7000001156990438;jgi|Aspni7|1123159|estExt_Genewise1Plus.C_chr_501_t10030;33.84;Aspni7;Neofi1;46.0112;34.3712
jgi|Pendi1|4858|PDIG_55700m.01;jgi|Aspni7|1123159|estExt_Genewise1Plus.C_chr_501_t10030;31.31;Aspni7;Pendi1;53.0899;24.5676
jgi|Aspni7|1123159|estExt_Genewise1Plus.C_chr_501_t10030;Aacu16872_050671;31.14;Aspac1;Aspni7;41.1338;53.7079
jgi|Aspni7|1123159|estExt_Genewise1Plus.C_chr_501_t10030;Afu3g14700;29.77;Aspfu1;Aspni7;41.5507;59.6629
jgi|Aspni7|1123159|estExt_Genewise1Plus.C_chr_501_t10030;ATET_00325;31.39;Aspte1;Aspni7;25.2120;53.2022
jgi|Aspni7|1123159|estExt_Genewise1Plus.C_chr_501_t10030;jgi|Aspacu1|456565|MIX11844_429_24;26.88;Aspacu1;Aspni7;51.2275;70.9551
jgi|Aspni7|1123159|estExt_Genewise1Plus.C_chr_501_t10030;jgi|Aspell1|455104|MIX362_26_23;29.96;Aspell1;Aspni7;34.1019;56.3483
jgi|Aspni7|1123159|estExt_Genewise1Plus.C_chr_501_t10030;jgi|Aspfu_A1163_1|102532|CADAFUBT00003438m.01;29.80;Aspfu_A1163_1;Aspni7;41.5109;59.6067
jgi|Aspni7|1123159|estExt_Genewise1Plus.C_chr_501_t10030;jgi|Asphom1|364013|estExt_Genewise1.C_6_t20061;31.96;Asphom1;Aspni7;34.9727;48.8202
jgi|Aspni7|1123159|estExt_Genewise1Plus.C_chr_501_t10030;jgi|Aspka1_1|22112|AKAW_10639;30.34;Aspka1_1;Aspni7;39.5703;54.3820
jgi|Aspni7|1123159|estExt_Genewise1Plus.C_chr_501_t10030;Aspbr1_0138934;28.92;Aspbr1;Aspni7;40.6637;58.7079
jgi|Aspni7|1123159|estExt_Genewise1Plus.C_chr_501_t10030;jgi|Aspcam1|309857|estExt_fgenesh1_pm.C_4_t10179;31.40;Aspcam1;Aspni7;37.1337;53.6517
jgi|Aspwe1|730400|MIX211_72_50;jgi|Aspni7|1123159|estExt_Genewise1Plus.C_chr_501_t10030;32.23;Aspni7;Aspwe1;48.5955;34.8653
jgi|PenbrAgRF18_1|275122|e_gw1.1.870.1;jgi|Aspni7|1123159|estExt_Genewise1Plus.C_chr_501_t10030;33.02;Aspni7;PenbrAgRF18_1;44.5506;32.4250
NRRL3_00153;jgi|Aspni7|1123159|estExt_Genewise1Plus.C_chr_501_t10030;31.24;Aspni7;NRRL3;49.6067;35.9778
NRRL3_03184;jgi|Aspni7|1123159|estExt_Genewise1Plus.C_chr_501_t10030;30.92;Aspni7;NRRL3;53.8202;43.7811
jgi|Aspni7|1123159|estExt_Genewise1Plus.C_chr_501_t10030;Asptu1_0193769;30.41;Asptu1;Aspni7;43.9819;54.0449
jgi|Aspni7|1123159|estExt_Genewise1Plus.C_chr_501_t10030;jgi|Aspell1|392703|estExt_Genewise1Plus.C_3660003;29.37;Aspell1;Aspni7;42.7576;57.4157
jgi|Aspni7|1123159|estExt_Genewise1Plus.C_chr_501_t10030;jgi|Aspfo1|55247|fgenesh1_pm.1_#_50;30.44;Aspfo1;Aspni7;39.5703;54.3820
jgi|Aspscl1|593527|MIX1937_143_44;jgi|Aspni7|1123159|estExt_Genewise1Plus.C_chr_501_t10030;30.06;Aspni7;Aspscl1;53.6517;39.4757
jgi|Aspscl1|602290|MIX10700_26_36;jgi|Aspni7|1123159|estExt_Genewise1Plus.C_chr_501_t10030;30.33;Aspni7;Aspscl1;53.8202;41.0397
jgi|Eurhe1|541171|MIX6539_602_76;jgi|Aspni7|1123159|estExt_Genewise1Plus.C_chr_501_t10030;30.45;Aspni7;Eurhe1;55.0562;40.9528
jgi|PenbrAgRF18_1|158315|CE158314_7428;jgi|Aspni7|1123159|estExt_Genewise1Plus.C_chr_501_t10030;26.94;Aspni7;PenbrAgRF18_1;70.3371;49.5987
jgi|Aspni7|1123159|estExt_Genewise1Plus.C_chr_501_t10030;Aspbr1_0068861;31.70;Aspbr1;Aspni7;41.1815;53.5955
jgi|Aspni7|1123159|estExt_Genewise1Plus.C_chr_501_t10030;Aspbr1_0208179;30.90;Aspbr1;Aspni7;37.5355;53.0899
jgi|Aspni7|1123159|estExt_Genewise1Plus.C_chr_501_t10030;Aspve1_0887593;29.79;Aspve1;Aspni7;42.0320;53.5955
jgi|Aspni7|1123159|estExt_Genewise1Plus.C_chr_501_t10030;jgi|Aspeuc1|450878|MIX8407_79_34;29.97;Aspeuc1;Aspni7;25.2447;55.8989
jgi|Aspni_DSM_1|165010|An12g07070m.01;jgi|Aspni7|1123159|estExt_Genewise1Plus.C_chr_501_t10030;30.89;Aspni7;Aspni_DSM_1;54.0449;43.4316
jgi|Aspnov1|396977|estExt_Genewise1Plus.C_10_t10344;jgi|Aspni7|1123159|estExt_Genewise1Plus.C_chr_501_t10030;30.12;Aspni7;Aspnov1;55.2809;40.7869
jgi|Asppip1|479649|estExt_fgenesh1_pg.C_160004;jgi|Aspni7|1123159|estExt_Genewise1Plus.C_chr_501_t10030;32.58;Aspni7;Asppip1;49.4944;39.0686
jgi|Aspvad1|434698|estExt_fgenesh1_pg.C_90036;jgi|Aspni7|1123159|estExt_Genewise1Plus.C_chr_501_t10030;29.60;Aspni7;Aspvad1;54.7753;38.9414
jgi|Aspni7|1123159|estExt_Genewise1Plus.C_chr_501_t10030;Asptu1_0125640;29.54;Asptu1;Aspni7;38.8386;54.7753
jgi|Aspni7|1123159|estExt_Genewise1Plus.C_chr_501_t10030;jgi|Aspell1|467075|MIX12333_71_44;31.97;Aspell1;Aspni7;36.0701;49.7191
jgi|Aspni7|1123159|estExt_Genewise1Plus.C_chr_501_t10030;jgi|Aspeuc1|463458|MIX20987_14_11;30.42;Aspeuc1;Aspni7;44.1617;54.0449
jgi|Aspni7|1123159|estExt_Genewise1Plus.C_chr_501_t10030;jgi|Aspfl1|36768|7000001155820393;31.58;Aspfl1;Aspni7;25.7743;54.6629
jgi|Aspni7|1123159|estExt_Genewise1Plus.C_chr_501_t10030;jgi|Aspind1|387139|estExt_Genewise1Plus.C_40111;29.45;Aspind1;Aspni7;41.9274;55.6180
jgi|Aspni7|1123159|estExt_Genewise1Plus.C_chr_501_t10030;jgi|Aspka1_1|13418|AKAW_01946;31.21;Aspka1_1;Aspni7;41.3910;53.5955
jgi|Aspni7|1123159|estExt_Genewise1Plus.C_chr_501_t10030;jgi|Aspka1_1|17185|AKAW_05712;30.19;Aspka1_1;Aspni7;44.1617;54.0449
jgi|Aspnid1|3717|AN12331;jgi|Aspni7|1123159|estExt_Genewise1Plus.C_chr_501_t10030;30.88;Aspni7;Aspnid1;53.6517;40.6379
jgi|Aspnid1|6873|AN9005;jgi|Aspni7|1123159|estExt_Genewise1Plus.C_chr_501_t10030;29.34;Aspni7;Aspnid1;59.2135;41.4422
jgi|Aspni7|1123159|estExt_Genewise1Plus.C_chr_501_t10030;Aspbr1_0155129;30.41;Aspbr1;Aspni7;39.7330;53.9326
jgi|Asppip1|511673|MIX17903_90_42;jgi|Aspni7|1123159|estExt_Genewise1Plus.C_chr_501_t10030;30.19;Aspni7;Asppip1;54.0449;44.1617
jgi|Aspvio1|381760|estExt_Genewise1Plus.C_220187;jgi|Aspni7|1123159|estExt_Genewise1Plus.C_chr_501_t10030;29.64;Aspni7;Aspvio1;55.6180;41.9274
jgi|Eurhe1|518906|fgenesh1_pm.43_#_41;jgi|Aspni7|1123159|estExt_Genewise1Plus.C_chr_501_t10030;30.69;Aspni7;Eurhe1;55.2809;38.9717
jgi|Neofi1|8654|7000001157003420;jgi|Aspni7|1123159|estExt_Genewise1Plus.C_chr_501_t10030;30.37;Aspni7;Neofi1;55.3371;40.7494
jgi|Pench1|80687|e_gw1.4.1576.1;jgi|Aspni7|1123159|estExt_Genewise1Plus.C_chr_501_t10030;29.10;Aspni7;Pench1;56.9663;43.0201
jgi|Aspni7|1123159|estExt_Genewise1Plus.C_chr_501_t10030;Aspsy1_0136411;30.84;Aspsy1;Aspni7;37.1233;53.0899
jgi|Aspni7|1123159|estExt_Genewise1Plus.C_chr_501_t10030;Asptu1_0140846;30.30;Asptu1;Aspni7;39.5703;54.3820
jgi|Aspni7|1123159|estExt_Genewise1Plus.C_chr_501_t10030;ATET_00282;30.78;Aspte1;Aspni7;34.5586;52.9775
jgi|Aspni7|1123159|estExt_Genewise1Plus.C_chr_501_t10030;jgi|Aspca3|5570|Genemark1.5570_g;32.20;Aspca3;Aspni7;22.8103;47.6966
jgi|Aspni7|1123159|estExt_Genewise1Plus.C_chr_501_t10030;jgi|Aspca3|5640|Genemark1.5640_g;32.20;Aspca3;Aspni7;22.8103;47.6966
jgi|Aspni7|1123159|estExt_Genewise1Plus.C_chr_501_t10030;jgi|Aspcam1|318133|gm1.4308_g;31.26;Aspcam1;Aspni7;41.4303;53.6517
jgi|Aspni7|1123159|estExt_Genewise1Plus.C_chr_501_t10030;jgi|Aspfo1|47753|fgenesh1_kg.8_#_368_#_Locus7819v1rpkm7.69;30.72;Aspfo1;Aspni7;43.9620;54.0449
jgi|Aspni7|1123159|estExt_Genewise1Plus.C_chr_501_t10030;jgi|Aspind1|474969|MIX12682_15_18;30.22;Aspind1;Aspni7;39.5649;53.5955
jgi|Aspste1|351036|e_gw1.2.2031.1;jgi|Aspni7|1123159|estExt_Genewise1Plus.C_chr_501_t10030;29.92;Aspni7;Aspste1;58.3146;41.0807
jgi|Aspwe1|100309|e_gw1.1.1483.1;jgi|Aspni7|1123159|estExt_Genewise1Plus.C_chr_501_t10030;29.32;Aspni7;Aspwe1;56.9663;34.7045
jgi|PenbrAgRF18_1|392952|estExt_fgenesh1_pg.C_7_t10190;jgi|Aspni7|1123159|estExt_Genewise1Plus.C_chr_501_t10030;30.95;Aspni7;PenbrAgRF18_1;53.5955;41.7060
jgi|Aspni7|1123159|estExt_Genewise1Plus.C_chr_501_t10030;jgi|Aspcl1|2035|7000001156840231;31.02;Aspcl1;Aspni7;37.4901;54.6067
jgi|Aspni7|1123159|estExt_Genewise1Plus.C_chr_501_t10030;jgi|Aspfo1|124278|e_gw1.2.1528.1;30.03;Aspfo1;Aspni7;38.7073;54.7753
jgi|Aspni7|1123159|estExt_Genewise1Plus.C_chr_501_t10030;jgi|Asplac1|484453|MIX13470_137_61;30.56;Asplac1;Aspni7;24.8527;53.8764
jgi|Aspni_DSM_1|163278|An11g00250m.01;jgi|Aspni7|1123159|estExt_Genewise1Plus.C_chr_501_t10030;30.56;Aspni7;Aspni_DSM_1;53.8764;24.8527
jgi|Asppip1|510211|MIX16441_62_35;jgi|Aspni7|1123159|estExt_Genewise1Plus.C_chr_501_t10030;30.20;Aspni7;Asppip1;54.3820;39.0625
jgi|Aspscl1|620660|estExt_Genemark1.C_3_t10284;jgi|Aspni7|1123159|estExt_Genewise1Plus.C_chr_501_t10030;31.74;Aspni7;Aspscl1;47.6966;22.7371
jgi|Neofi1|10073|7000001157010483;jgi|Aspni7|1123159|estExt_Genewise1Plus.C_chr_501_t10030;31.36;Aspni7;Neofi1;53.0899;31.7334
jgi|Aspni7|1123159|estExt_Genewise1Plus.C_chr_501_t10030;Aspgl1_0069812;31.80;Aspgl1;Aspni7;37.6106;49.8876
jgi|Aspni7|1123159|estExt_Genewise1Plus.C_chr_501_t10030;jgi|Aspeuc1|362705|estExt_Genewise1Plus.C_15_t10347;32.19;Aspeuc1;Aspni7;40.9516;53.0899
jgi|Aspni7|1123159|estExt_Genewise1Plus.C_chr_501_t10030;jgi|Aspka1_1|14932|AKAW_03459;29.96;Aspka1_1;Aspni7;38.7801;54.7753
jgi|Aspni7|1123159|estExt_Genewise1Plus.C_chr_501_t10030;jgi|Asplac1|470385|estExt_fgenesh1_pm.C_480026;30.89;Asplac1;Aspni7;43.4316;54.0449
jgi|Asppip1|505740|MIX11970_1343_78;jgi|Aspni7|1123159|estExt_Genewise1Plus.C_chr_501_t10030;30.17;Aspni7;Asppip1;54.7753;38.6303
jgi|Aspste1|367053|e_gw1.8.830.1;jgi|Aspni7|1123159|estExt_Genewise1Plus.C_chr_501_t10030;30.33;Aspni7;Aspste1;56.2921;39.3070
jgi|Aspuva1|194565|CE194564_3006;jgi|Aspni7|1123159|estExt_Genewise1Plus.C_chr_501_t10030;30.37;Aspni7;Aspuva1;54.9438;25.6730
jgi|Aspwe1|119117|e_gw1.8.445.1;jgi|Aspni7|1123159|estExt_Genewise1Plus.C_chr_501_t10030;30.49;Aspni7;Aspwe1;53.8764;39.0698
jgi|Aspwe1|135135|estExt_Genewise1.C_5_t10121;jgi|Aspni7|1123159|estExt_Genewise1Plus.C_chr_501_t10030;31.09;Aspni7;Aspwe1;52.9775;41.4043
jgi|Aspni7|1123159|estExt_Genewise1Plus.C_chr_501_t10030;Aspbr1_0031978;31.41;Aspbr1;Aspni7;43.2310;53.3146
jgi|Aspni7|1123159|estExt_Genewise1Plus.C_chr_501_t10030;Aspbr1_0120577;31.25;Aspbr1;Aspni7;36.9608;53.7640
jgi|Aspni7|1123159|estExt_Genewise1Plus.C_chr_501_t10030;jgi|Aspacu1|467384|estExt_Genemark1.C_20016;33.40;Aspacu1;Aspni7;49.6960;49.6629
jgi|Aspni7|1123159|estExt_Genewise1Plus.C_chr_501_t10030;jgi|Aspcl1|1666|7000001156838369;29.84;Aspcl1;Aspni7;40.6250;57.4157
jgi|Aspnov1|480720|MIX15382_65_41;jgi|Aspni7|1123159|estExt_Genewise1Plus.C_chr_501_t10030;31.25;Aspni7;Aspnov1;54.1573;32.3691
jgi|Aspvio1|446723|estExt_Genemark1.C_1060003;jgi|Aspni7|1123159|estExt_Genewise1Plus.C_chr_501_t10030;31.23;Aspni7;Aspvio1;54.2697;25.3085
NRRL3_09789;jgi|Aspni7|1123159|estExt_Genewise1Plus.C_chr_501_t10030;31.21;Aspni7;NRRL3;53.5955;41.4686
jgi|Aspni7|1123159|estExt_Genewise1Plus.C_chr_501_t10030;Aspzo1_2129214;31.99;Aspzo1;Aspni7;42.1548;54.1573
jgi|Aspni7|1123159|estExt_Genewise1Plus.C_chr_501_t10030;jgi|Aspind1|474999|MIX12712_25_20;30.81;Aspind1;Aspni7;25.4109;54.2697
jgi|Asppip1|495488|MIX1718_36_19;jgi|Aspni7|1123159|estExt_Genewise1Plus.C_chr_501_t10030;30.99;Aspni7;Asppip1;54.9438;35.9738
jgi|Aspwe1|177467|gm1.11402_g;jgi|Aspni7|1123159|estExt_Genewise1Plus.C_chr_501_t10030;31.63;Aspni7;Aspwe1;53.6517;24.6034
jgi|Pendi1|8038|PDIG_83120m.01;jgi|Aspni7|1123159|estExt_Genewise1Plus.C_chr_501_t10030;29.89;Aspni7;Pendi1;55.7303;39.4601
jgi|Aspni7|1123159|estExt_Genewise1Plus.C_chr_501_t10030;jgi|Aspfo1|37441|fgenesh1_pg.15_#_216;32.60;Aspfo1;Aspni7;41.3339;53.5955
jgi|Aspni7|1123159|estExt_Genewise1Plus.C_chr_501_t10030;jgi|Asplac1|465886|estExt_fgenesh1_pm.C_110219;31.34;Asplac1;Aspni7;41.7700;53.5955
jgi|Aspni_DSM_1|163672|An11g04280m.01;jgi|Aspni7|1123159|estExt_Genewise1Plus.C_chr_501_t10030;31.04;Aspni7;Aspni_DSM_1;53.5955;41.7165
jgi|Pench1|83905|e_gw1.6.1527.1;jgi|Aspni7|1123159|estExt_Genewise1Plus.C_chr_501_t10030;31.33;Aspni7;Pench1;50.3371;36.0579
jgi|Aspni7|1123159|estExt_Genewise1Plus.C_chr_501_t10030;jgi|Aspcl1|9105|7000001156889699;30.56;Aspcl1;Aspni7;44.0900;58.0899
jgi|Aspni7|1123159|estExt_Genewise1Plus.C_chr_501_t10030;jgi|Asphet1|337005|estExt_Genewise1Plus.C_13_t10314;31.30;Asphet1;Aspni7;26.0891;56.7978
jgi|Aspni7|1123159|estExt_Genewise1Plus.C_chr_501_t10030;jgi|Aspka1_1|18764|AKAW_07291;32.60;Aspka1_1;Aspni7;41.3339;53.5955
jgi|Aspni7|1123159|estExt_Genewise1Plus.C_chr_501_t10030;jgi|Aspneo1|129103|CE129102_6292;30.21;Aspneo1;Aspni7;38.8533;54.7753
jgi|Aspste1|477231|gm1.8158_g;jgi|Aspni7|1123159|estExt_Genewise1Plus.C_chr_501_t10030;31.21;Aspni7;Aspste1;53.0899;24.2259
jgi|Aspwe1|27400|fgenesh1_pg.4_#_68;jgi|Aspni7|1123159|estExt_Genewise1Plus.C_chr_501_t10030;31.90;Aspni7;Aspwe1;54.3258;39.0644
jgi|Aspni7|1123159|estExt_Genewise1Plus.C_chr_501_t10030;Aspbr1_0201415;27.30;Aspbr1;Aspni7;47.8776;66.7416
jgi|Aspni7|1123159|estExt_Genewise1Plus.C_chr_501_t10030;Aspgl1_0052029;31.90;Aspgl1;Aspni7;38.6139;54.2697
jgi|Aspni7|1123159|estExt_Genewise1Plus.C_chr_501_t10030;Aspve1_0139247;32.03;Aspve1;Aspni7;24.8329;52.9775
jgi|Aspni7|1123159|estExt_Genewise1Plus.C_chr_501_t10030;jgi|Aspbru1|502534|MIX15674_5_10;31.35;Aspbru1;Aspni7;41.0804;53.5955
jgi|Aspni7|1123159|estExt_Genewise1Plus.C_chr_501_t10030;jgi|Aspfo1|124633|e_gw1.2.3294.1;31.98;Aspfo1;Aspni7;41.4437;53.5955
jgi|Aspni7|1123159|estExt_Genewise1Plus.C_chr_501_t10030;jgi|Asplac1|395542|estExt_Genewise1Plus.C_16_t10469;31.63;Asplac1;Aspni7;40.9690;53.0899
jgi|Aspni7|1123159|estExt_Genewise1Plus.C_chr_501_t10030;jgi|Aspneo1|442306|MIX10429_104_39;32.40;Aspneo1;Aspni7;40.9516;53.0899
jgi|Aspni_DSM_1|164601|An12g02730m.01;jgi|Aspni7|1123159|estExt_Genewise1Plus.C_chr_501_t10030;31.45;Aspni7;Aspni_DSM_1;53.5955;41.3515
jgi|Aspscle1|443021|MIX8442_119_66;jgi|Aspni7|1123159|estExt_Genewise1Plus.C_chr_501_t10030;31.98;Aspni7;Aspscle1;53.5955;41.6244
jgi|Aspuva1|311745|estExt_Genewise1.C_320188;jgi|Aspni7|1123159|estExt_Genewise1Plus.C_chr_501_t10030;32.52;Aspni7;Aspuva1;53.3146;40.0330
jgi|Aspni7|1123159|estExt_Genewise1Plus.C_chr_501_t10030;Aspsy1_0156863;31.49;Aspsy1;Aspni7;25.0891;53.6517
jgi|Aspni7|1123159|estExt_Genewise1Plus.C_chr_501_t10030;jgi|Aspbru1|489726|MIX2866_126_58;30.78;Aspbru1;Aspni7;26.1569;55.5056
jgi|Asppip1|503670|MIX9900_14_10;jgi|Aspni7|1123159|estExt_Genewise1Plus.C_chr_501_t10030;32.80;Aspni7;Asppip1;53.5955;41.3339
jgi|Aspni7|1123159|estExt_Genewise1Plus.C_chr_501_t10030;Asptu1_0135063;32.63;Asptu1;Aspni7;40.9516;53.0899
jgi|Aspni7|1123159|estExt_Genewise1Plus.C_chr_501_t10030;jgi|Aspacu1|429294|estExt_fgenesh1_pg.C_280109;30.62;Aspacu1;Aspni7;25.5791;54.9438
jgi|Aspni7|1123159|estExt_Genewise1Plus.C_chr_501_t10030;jgi|Aspcam1|330257|estExt_Genemark1.C_140006;31.13;Aspcam1;Aspni7;40.7361;53.7640
jgi|Aspni7|1123159|estExt_Genewise1Plus.C_chr_501_t10030;jgi|Aspell1|469246|MIX14504_256_50;30.08;Aspell1;Aspni7;25.3770;54.1573
jgi|Aspni7|1123159|estExt_Genewise1Plus.C_chr_501_t10030;jgi|Aspka1_1|16905|AKAW_05432;30.62;Aspka1_1;Aspni7;38.7872;53.8764
jgi|Pendi1|4287|PDIG_49980m.01;jgi|Aspni7|1123159|estExt_Genewise1Plus.C_chr_501_t10030;29.85;Aspni7;Pendi1;56.9663;42.9021
jgi|Aspni7|1123159|estExt_Genewise1Plus.C_chr_501_t10030;Aacu16872_044810;30.98;Aspac1;Aspni7;25.6346;54.9438
jgi|Aspni7|1123159|estExt_Genewise1Plus.C_chr_501_t10030;Asptu1_0076420;32.10;Asptu1;Aspni7;38.4281;53.5955
jgi|Aspni7|1123159|estExt_Genewise1Plus.C_chr_501_t10030;jgi|Aspacu1|460892|MIX16171_1_2;30.81;Aspacu1;Aspni7;41.0310;53.5955
jgi|Aspni7|1123159|estExt_Genewise1Plus.C_chr_501_t10030;jgi|Aspfo1|706954|MIX12334_192_63;31.28;Aspfo1;Aspni7;36.1578;54.9438
jgi|Aspni7|1123159|estExt_Genewise1Plus.C_chr_501_t10030;jgi|Aspka1_1|15446|AKAW_03973;31.32;Aspka1_1;Aspni7;40.4568;55.0562
jgi|Aspni7|1123159|estExt_Genewise1Plus.C_chr_501_t10030;jgi|Aspka1_1|19798|AKAW_08325;31.08;Aspka1_1;Aspni7;37.4396;53.5393
jgi|Aspscl1|621233|estExt_Genemark1.C_40393;jgi|Aspni7|1123159|estExt_Genewise1Plus.C_chr_501_t10030;32.28;Aspni7;Aspscl1;54.5506;24.9023
jgi|Aspscle1|1697|CE1696_4833;jgi|Aspni7|1123159|estExt_Genewise1Plus.C_chr_501_t10030;32.04;Aspni7;Aspscle1;47.6966;22.7371
jgi|Eurhe1|508017|estExt_Genewise1Plus.C_320022;jgi|Aspni7|1123159|estExt_Genewise1Plus.C_chr_501_t10030;31.68;Aspni7;Eurhe1;53.5955;32.5982
jgi|Aspni7|1123159|estExt_Genewise1Plus.C_chr_501_t10030;jgi|Aspacu1|455145|MIX10424_6_10;31.74;Aspacu1;Aspni7;43.0493;56.7978
jgi|Aspni7|1123159|estExt_Genewise1Plus.C_chr_501_t10030;Aacu16872_031687;34.93;Aspac1;Aspni7;95.1057;46.6854
jgi|Aspni7|1123159|estExt_Genewise1Plus.C_chr_501_t10030;jgi|Aspeuc1|454189|MIX11718_16_22;32.37;Aspeuc1;Aspni7;41.3910;53.5955
jgi|Aspni7|1123159|estExt_Genewise1Plus.C_chr_501_t10030;jgi|Aspind1|366949|estExt_Genewise1.C_220047;30.75;Aspind1;Aspni7;25.6730;54.9438
jgi|Aspste1|478260|gm1.9187_g;jgi|Aspni7|1123159|estExt_Genewise1Plus.C_chr_501_t10030;30.84;Aspni7;Aspste1;55.1124;41.1690
jgi|Aspuva1|318160|estExt_Genewise1.C_600023;jgi|Aspni7|1123159|estExt_Genewise1Plus.C_chr_501_t10030;31.61;Aspni7;Aspuva1;54.2697;25.3276
jgi|Aspvad1|367910|estExt_Genewise1.C_15_t10230;jgi|Aspni7|1123159|estExt_Genewise1Plus.C_chr_501_t10030;32.39;Aspni7;Aspvad1;53.0899;40.9516
jgi|Pench1|32119|fgenesh1_pm.1_#_1682;jgi|Aspni7|1123159|estExt_Genewise1Plus.C_chr_501_t10030;31.98;Aspni7;Pench1;54.3258;43.8936
jgi|Aspni7|1123159|estExt_Genewise1Plus.C_chr_501_t10030;Asptu1_0124310;32.21;Asptu1;Aspni7;41.4086;53.5955
jgi|Aspni7|1123159|estExt_Genewise1Plus.C_chr_501_t10030;Aspzo1_0109969;29.99;Aspzo1;Aspni7;38.7097;53.3708
jgi|Aspnid1|8432|AN11191;jgi|Aspni7|1123159|estExt_Genewise1Plus.C_chr_501_t10030;31.24;Aspni7;Aspnid1;53.4270;40.5856
jgi|Aspvad1|347703|e_gw1.23.372.1;jgi|Aspni7|1123159|estExt_Genewise1Plus.C_chr_501_t10030;31.47;Aspni7;Aspvad1;53.5393;37.4849
jgi|PenbrAgRF18_1|306668|estExt_Genewise1Plus.C_1_t50409;jgi|Aspni7|1123159|estExt_Genewise1Plus.C_chr_501_t10030;30.10;Aspni7;PenbrAgRF18_1;54.8876;39.0805
jgi|Aspni7|1123159|estExt_Genewise1Plus.C_chr_501_t10030;jgi|Aspcam1|236056|e_gw1.6.650.1;27.48;Aspcam1;Aspni7;50.7519;67.7528
jgi|Aspni7|1123159|estExt_Genewise1Plus.C_chr_501_t10030;jgi|Asphom1|467236|estExt_fgenesh1_pm.C_1_t20008;30.42;Asphom1;Aspni7;40.1858;53.5955
jgi|Aspni7|1123159|estExt_Genewise1Plus.C_chr_501_t10030;jgi|Aspind1|364750|estExt_Genewise1.C_130243;27.96;Aspind1;Aspni7;48.5229;67.5281
jgi|Aspni7|1123159|estExt_Genewise1Plus.C_chr_501_t10030;jgi|Asphet1|422207|MIX20519_651_62;31.13;Asphet1;Aspni7;41.5861;58.0899
jgi|Aspvio1|473061|estExt_fgenesh1_pg.C_270081;jgi|Aspni7|1123159|estExt_Genewise1Plus.C_chr_501_t10030;31.13;Aspni7;Aspvio1;54.9438;25.6730
NRRL3_10128;jgi|Aspni7|1123159|estExt_Genewise1Plus.C_chr_501_t10030;30.81;Aspni7;NRRL3;53.8764;25.0830
jgi|Aspni7|1123159|estExt_Genewise1Plus.C_chr_501_t10030;Aspbr1_0190761;30.43;Aspbr1;Aspni7;25.1150;53.9326
jgi|Aspni7|1123159|estExt_Genewise1Plus.C_chr_501_t10030;jgi|Aspell1|391648|estExt_Genewise1Plus.C_3010032;32.46;Aspell1;Aspni7;49.2401;53.5955
jgi|Aspni7|1123159|estExt_Genewise1Plus.C_chr_501_t10030;Aspve1_0146175;31.25;Aspve1;Aspni7;32.8687;55.0000
jgi|Aspni7|1123159|estExt_Genewise1Plus.C_chr_501_t10030;jgi|Aspind1|453208|estExt_Genemark1.C_20207;31.37;Aspind1;Aspni7;40.7917;53.5955
jgi|Aspste1|463238|estExt_fgenesh1_pg.C_3_t10012;jgi|Aspni7|1123159|estExt_Genewise1Plus.C_chr_501_t10030;32.60;Aspni7;Aspste1;50.7303;23.9130
jgi|Aspwe1|46636|fgenesh1_kg.10_#_230_#_Locus7507v1rpkm7.89;jgi|Aspni7|1123159|estExt_Genewise1Plus.C_chr_501_t10030;32.72;Aspni7;Aspwe1;53.0899;24.2346
jgi|Asppip1|500331|MIX6561_44_35;jgi|Aspni7|1123159|estExt_Genewise1Plus.C_chr_501_t10030;31.58;Aspni7;Asppip1;53.5393;37.3644
jgi|PenbrAgRF18_1|281775|e_gw1.5.398.1;jgi|Aspni7|1123159|estExt_Genewise1Plus.C_chr_501_t10030;31.50;Aspni7;PenbrAgRF18_1;54.2135;41.7266
jgi|Aspni7|1123159|estExt_Genewise1Plus.C_chr_501_t10030;Aacu16872_000048;32.51;Aspac1;Aspni7;40.7163;54.3258
jgi|Aspvio1|451204|MIX3074_58_45;jgi|Aspni7|1123159|estExt_Genewise1Plus.C_chr_501_t10030;33.37;Aspni7;Aspvio1;53.2584;38.5595
jgi|Aspste1|398959|estExt_Genewise1Plus.C_1_t70079;jgi|Aspni7|1123159|estExt_Genewise1Plus.C_chr_501_t10030;31.75;Aspni7;Aspste1;53.8764;38.2649
jgi|Aspuva1|418611|MIX10496_20_29;jgi|Aspni7|1123159|estExt_Genewise1Plus.C_chr_501_t10030;31.52;Aspni7;Aspuva1;54.7191;41.4695
jgi|Aspwe1|294248|CE105728_44545;jgi|Aspni7|1123159|estExt_Genewise1Plus.C_chr_501_t10030;31.80;Aspni7;Aspwe1;53.8764;42.5821
jgi|Aspni7|1123159|estExt_Genewise1Plus.C_chr_501_t10030;jgi|Aspbru1|420528|estExt_Genewise1Plus.C_640123;33.11;Aspbru1;Aspni7;40.3737;54.3258
jgi|Aspni7|1123159|estExt_Genewise1Plus.C_chr_501_t10030;jgi|Aspca3|511653|estExt_fgenesh2_pm.C_1_t10378;32.60;Aspca3;Aspni7;24.8780;54.5506
jgi|Pench1|81030|e_gw1.4.1374.1;jgi|Aspni7|1123159|estExt_Genewise1Plus.C_chr_501_t10030;32.44;Aspni7;Pench1;53.2584;40.8397
jgi|Aspni7|1123159|estExt_Genewise1Plus.C_chr_501_t10030;jgi|Aspcam1|323099|estExt_Genemark1.C_1_t10194;28.13;Aspcam1;Aspni7;63.4748;97.3596
jgi|Aspni7|1123159|estExt_Genewise1Plus.C_chr_501_t10030;jgi|Aspfl1|26370|7000001155801274;46.50;Aspfl1;Aspni7;79.9873;70.6180
jgi|Aspni7|1123159|estExt_Genewise1Plus.C_chr_501_t10030;Aspzo1_0160229;42.13;Aspzo1;Aspni7;99.7271;99.0449
jgi|Aspni7|1123159|estExt_Genewise1Plus.C_chr_501_t10030;jgi|Aspind1|456921|estExt_Genemark1.C_390077;42.95;Aspind1;Aspni7;98.4763;97.9775
jgi|Aspuva1|373323|fgenesh1_pm.17_#_37;jgi|Aspni7|1123159|estExt_Genewise1Plus.C_chr_501_t10030;45.05;Aspni7;Aspuva1;97.3034;97.5496
jgi|Aspste1|400784|estExt_Genewise1Plus.C_2_t100240;jgi|Aspni7|1123159|estExt_Genewise1Plus.C_chr_501_t10030;44.71;Aspni7;Aspste1;98.2022;98.9253
jgi|Aspni7|1123159|estExt_Genewise1Plus.C_chr_501_t10030;Aspve1_0883631;46.90;Aspve1;Aspni7;99.6534;96.9663
jgi|Aspni7|1123159|estExt_Genewise1Plus.C_chr_501_t10030;Aspgl1_0172834;46.32;Aspgl1;Aspni7;99.7704;96.9663
jgi|Aspni7|1123159|estExt_Genewise1Plus.C_chr_501_t10030;Aspsy1_0042228;46.36;Aspsy1;Aspni7;99.2626;98.4270
jgi|Eurhe1|547227|MIX12595_191_48;jgi|Aspni7|1123159|estExt_Genewise1Plus.C_chr_501_t10030;45.89;Aspni7;Eurhe1;97.4157;98.0370
jgi|Aspni7|1123159|estExt_Genewise1Plus.C_chr_501_t10030;AO090206000074;46.29;Aspor1;Aspni7;99.4892;97.5843
jgi|Aspni7|1123159|estExt_Genewise1Plus.C_chr_501_t10030;jgi|Aspcl1|4146|7000001156850842;47.82;Aspcl1;Aspni7;99.7676;95.8989
jgi|Pench1|37394|fgenesh1_pm.5_#_167;jgi|Aspni7|1123159|estExt_Genewise1Plus.C_chr_501_t10030;47.21;Aspni7;Pench1;98.4270;98.6494
jgi|Aspni7|1123159|estExt_Genewise1Plus.C_chr_501_t10030;jgi|Aspind1|456676|estExt_Genemark1.C_360031;46.89;Aspind1;Aspni7;99.5543;99.2697
jgi|Aspwe1|744871|MIX14682_58_50;jgi|Aspni7|1123159|estExt_Genewise1Plus.C_chr_501_t10030;46.28;Aspni7;Aspwe1;99.7753;99.5467
jgi|Aspni7|1123159|estExt_Genewise1Plus.C_chr_501_t10030;jgi|Aspbru1|369293|e_gw1.57.173.1;47.72;Aspbru1;Aspni7;99.7154;96.9663
jgi|Aspni7|1123159|estExt_Genewise1Plus.C_chr_501_t10030;jgi|Asphom1|388479|estExt_Genewise1Plus.C_130103;47.63;Asphom1;Aspni7;99.4863;96.9663
jgi|Aspni7|1123159|estExt_Genewise1Plus.C_chr_501_t10030;jgi|Aspacu1|475632|estExt_Genemark1.C_750062;47.30;Aspacu1;Aspni7;99.5546;99.2697
jgi|PenbrAgRF18_1|274638|e_gw1.1.1623.1;jgi|Aspni7|1123159|estExt_Genewise1Plus.C_chr_501_t10030;47.03;Aspni7;PenbrAgRF18_1;97.8090;95.7297
jgi|Aspvio1|467435|MIX19305_50_70;jgi|Aspni7|1123159|estExt_Genewise1Plus.C_chr_501_t10030;47.29;Aspni7;Aspvio1;96.9663;99.7146
jgi|Aspwe1|36436|fgenesh1_kg.2_#_848_#_Locus8629v1rpkm4.56;jgi|Aspni7|1123159|estExt_Genewise1Plus.C_chr_501_t10030;46.72;Aspni7;Aspwe1;98.5393;98.9391
jgi|Aspni7|1123159|estExt_Genewise1Plus.C_chr_501_t10030;Aacu16872_045669;47.35;Aspac1;Aspni7;99.5538;99.2697
jgi|Aspni7|1123159|estExt_Genewise1Plus.C_chr_501_t10030;ATET_06275;48.39;Aspte1;Aspni7;98.7805;99.1011
jgi|Pench1|85385|e_gw1.8.505.1;jgi|Aspni7|1123159|estExt_Genewise1Plus.C_chr_501_t10030;72.15;Aspni7;Pench1;99.9438;99.9426
jgi|Pendi1|4263|PDIG_49740m.01;jgi|Aspni7|1123159|estExt_Genewise1Plus.C_chr_501_t10030;72.59;Aspni7;Pendi1;99.8315;99.7760
jgi|Aspni7|1123159|estExt_Genewise1Plus.C_chr_501_t10030;Aspbr1_0047329;86.72;Aspbr1;Aspni7;99.3868;99.8876
jgi|Aspni7|1123159|estExt_Genewise1Plus.C_chr_501_t10030;jgi|Asplac1|349992|e_gw1.42.7.1;98.71;Asplac1;Aspni7;99.4966;99.9438
jgi|Aspni_DSM_1|163164|An10g00140m.01;jgi|Aspni7|1123159|estExt_Genewise1Plus.C_chr_501_t10030;98.71;Aspni7;Aspni_DSM_1;99.9438;99.9438
NRRL3_06291;jgi|Aspni7|1123159|estExt_Genewise1Plus.C_chr_501_t10030;100.00;Aspni7;NRRL3;99.9438;98.0706
